Mouse ID,Embedding
Day 8_A8-4-L.png,"[-1.2196279 , -0.01286205,  1.3637742 , -1.172508  ,  0.39176303,
 -0.02700562,  0.40032166,  1.0126461 , -0.13230418, -0.8022049 ,
  0.5109357 , -0.6969222 ,  0.86288995, -0.10092078,  0.7238118 ,
  0.95720834]"
Day 4_A8-3-R.png,"[-2.1935544 , -1.0408418 ,  2.3986254 , -2.667985  ,  0.27209446,
  0.18856043,  0.79529744,  1.7606621 ,  0.2334822 , -1.284818  ,
  0.3439698 , -1.3664083 ,  1.8889024 , -0.01650169,  2.1795459 ,
  0.89215577]"
Day 14_A8-5-L.png,"[-0.85040045,  1.6266743 , -0.41860634,  0.82298064,  1.3067951 ,
  0.20598564, -0.46500248,  0.39927185, -1.6092975 , -1.2945776 ,
  1.5723372 ,  0.35108075, -0.98448944,  0.05593935, -1.0598594 ,
  0.37096336]"
Day 0_Y8-3-L.png,"[-4.3519136e-01, -1.2229559e+00,  1.2376963e+00, -1.6250271e+00,
 -5.6647712e-01,  9.4483327e-04,  7.3629463e-01,  3.8740239e-01,
  1.4640778e+00,  4.1211650e-01, -7.8701502e-01, -9.5996976e-01,
  1.1599828e+00, -2.1185225e-01,  1.4179181e+00,  1.7578433e-01]"
Day 7_A8-5-L.png,"[-1.5127151 ,  2.2331042 , -0.19746944,  0.6691748 ,  2.170252  ,
  0.32996   , -0.48976836,  0.85801077, -2.4720926 , -2.2700884 ,
  2.3064013 ,  0.36564788, -1.1911428 ,  0.00398674, -1.3653234 ,
  0.79077727]"
Day 13_Y8-3-L.png,"[ 1.5217104 ,  3.1698897 , -3.369412  ,  4.3720984 ,  1.2906661 ,
  0.04479212, -1.8015932 , -1.6708066 , -2.5803158 , -0.15968171,
  1.5965779 ,  2.2167387 , -3.451969  ,  0.26637888, -3.6465013 ,
 -1.1502348 ]"
Day 15_Y8-1-R.png,"[ 1.9233719 ,  3.1293683 , -3.8677769 ,  4.61345   ,  1.0346739 ,
  0.04633073, -1.8688276 , -1.9633809 , -2.291848  ,  0.26550013,
  1.3901385 ,  2.368587  , -3.6587276 ,  0.2818038 , -3.7212422 ,
 -1.7669184 ]"
Day 6_Y8-1-R.png,"[-1.5131612 ,  2.0588005 ,  0.18524821,  0.5100122 ,  2.1018794 ,
  0.17469   , -0.23187149,  0.88811773, -2.4767115 , -1.9142355 ,
  1.9681503 ,  0.23147413, -0.83794963, -0.14651027, -1.2510324 ,
  1.326606  ]"
Day 3_A8-4-R.png,"[ 2.7545288 , -7.8067293 ,  3.7699044 , -4.6383615 , -7.893525  ,
 -1.3559726 ,  3.0409722 , -0.19436873,  9.040231  ,  6.553363  ,
 -7.784531  , -3.6929464 ,  6.385192  , -0.56497055,  6.4181323 ,
 -0.98668385]"
Day 4_Y8-2-R.png,"[-1.8844606 , -1.3186128 ,  2.1774967 , -2.8265603 ,  0.05322936,
  0.23993322,  0.69869024,  1.2719097 ,  0.5095762 , -1.2159463 ,
  0.22900316, -1.1630363 ,  1.8179219 ,  0.06890813,  2.4108827 ,
  0.65276974]"
Day 10_A8-4-R.png,"[-0.8006073 ,  3.04724   , -1.1664491 ,  2.2156346 ,  2.424344  ,
  0.20004909, -0.8494457 , -0.05376224, -2.9715981 , -1.7503734 ,
  2.152059  ,  0.94796413, -2.1327317 , -0.17451218, -2.550945  ,
  0.6121559 ]"
Day 6_Y8-3-R.png,"[-1.4071794 ,  1.8563814 ,  0.11571051,  0.5066748 ,  1.7379997 ,
  0.18949087, -0.29682374,  0.87507683, -2.0635843 , -1.8179299 ,
  1.8325071 ,  0.13561858, -0.7418114 , -0.06299565, -1.0361557 ,
  1.0121032 ]"
Day 12_A8-5-R.png,"[ 1.2579707 ,  2.9651198 , -3.3525517 ,  3.9912527 ,  1.2642875 ,
  0.09507175, -1.6701912 , -1.5846921 , -2.5031972 , -0.2756848 ,
  1.6189427 ,  2.1337395 , -3.329246  ,  0.22518545, -3.4931452 ,
 -1.087338  ]"
Day 15_Y8-3-R.png,"[ 1.6258568 ,  2.9281538 , -3.5098178 ,  4.139319  ,  1.1610454 ,
  0.14445585, -1.7911109 , -1.8653759 , -2.1646574 , -0.07050101,
  1.4578555 ,  2.190936  , -3.5655365 ,  0.27198508, -3.3329825 ,
 -1.6948724 ]"
Day 1_A8-5-R.png,"[ 0.22303112, -4.1380434 ,  2.52239   , -2.8340151 , -4.0955396 ,
 -0.752221  ,  1.4835615 ,  0.6690773 ,  4.49108   ,  2.7152894 ,
 -3.4652166 , -2.2928095 ,  4.0219817 , -0.0323417 ,  4.021123  ,
 -0.4413233 ]"
Day 13_Y8-1-L.png,"[ 1.1357164 ,  3.4036107 , -3.155297  ,  4.386135  ,  1.7639422 ,
  0.06425102, -1.7661525 , -1.5313902 , -2.6493075 , -0.5337527 ,
  1.7172483 ,  2.1207185 , -3.5609655 ,  0.25633302, -3.5126936 ,
 -0.9237754 ]"
Day 0_Y8-1-L.png,"[-0.2367524 , -2.6883733 ,  2.065826  , -2.8793225 , -1.756045  ,
 -0.11462216,  1.2580327 ,  0.5607875 ,  2.7512774 ,  1.1107416 ,
 -1.8642948 , -1.5755074 ,  2.514427  , -0.21489811,  2.7660837 ,
  0.1666372 ]"
Day 9_A8-3-R.png,"[-1.6194289 ,  2.0034642 ,  0.21066092,  0.44077057,  1.981819  ,
  0.2478245 , -0.2883909 ,  0.9003321 , -2.246304  , -2.043391  ,
  1.9963131 ,  0.11039377, -0.78878736, -0.10135648, -1.0674639 ,
  1.0711617 ]"
Day 5_A8-4-L.png,"[-1.9759631 , -2.9972155 ,  2.8101811 , -6.620523  ,  2.0851727 ,
  1.1130075 ,  1.2704198 ,  1.5570632 , -0.47113395, -3.019636  ,
  1.0252855 , -0.71624863,  1.6350175 ,  0.18129537,  3.173771  ,
  1.8337504 ]"
Day 11_Y8-2-L.png,"[ 1.1324297 ,  2.9860246 , -2.9789052 ,  3.9775233 ,  1.3183895 ,
  0.01489178, -1.6232891 , -1.4336853 , -2.4548264 , -0.40168712,
  1.599054  ,  2.0183792 , -3.2037125 ,  0.2707865 , -3.34642   ,
 -0.8127017 ]"
Day 2_Y8-2-L.png,"[ 0.10989354, -2.4345076 ,  1.6702272 , -2.7411556 , -0.46005863,
  0.24112782,  1.257497  ,  0.3301193 ,  1.9579571 ,  0.74190956,
 -1.4675796 , -0.9874179 ,  1.6635134 , -0.24155703,  1.9818474 ,
  0.25549772]"
Day 11_A8-3-L.png,"[-1.2617707 ,  2.559484  , -0.3459983 ,  1.458493  ,  2.0136428 ,
  0.17047977, -0.5424567 ,  0.5084961 , -2.4453385 , -1.6589    ,
  2.0371766 ,  0.35607117, -1.3171847 , -0.1360386 , -1.8344693 ,
  0.7337512 ]"
Day 2_A8-3-L.png,"[-1.6059142e-01, -3.5550981e+00,  2.1322813e+00, -4.7066817e+00,
 -6.2971324e-01,  4.3261737e-01,  1.3514271e+00,  3.8233504e-01,
  2.0551028e+00,  1.8806379e-02, -1.4074177e+00, -1.0695922e+00,
  2.0553381e+00,  3.4646317e-04,  3.2418783e+00,  5.9977245e-01]"
Day 5_Y8-1-L.png,"[-0.9812524 , -0.777467  ,  0.5869468 , -2.9211342 ,  2.4389079 ,
  0.9267784 ,  0.18916458,  0.453324  , -1.3226423 , -2.2741563 ,
  1.4936925 ,  0.44620764, -0.39335835,  0.1861793 ,  0.64295137,
  0.5396458 ]"
Day 13_A8-4-L.png,"[-0.21631162,  2.8349347 , -1.5101818 ,  2.6007617 ,  2.0862494 ,
  0.20015301, -0.96129286, -0.5313585 , -2.457012  , -1.2399598 ,
  1.9294956 ,  1.0987439 , -2.3683653 , -0.13178115, -2.5892267 ,
  0.09070401]"
Day 7_Y8-2-L.png,"[-2.09814   ,  1.1639233 ,  1.0553447 , -0.92507243,  1.7971212 ,
  0.31085688,  0.11983845,  1.5121802 , -1.7878114 , -2.2764065 ,
  1.8722097 , -0.40470332,  0.04958687, -0.03408754,  0.03145081,
  1.3518203 ]"
Day 0_A8-4-L.png,"[-0.5087023 , -2.2411644 ,  2.0424047 , -1.9766948 , -2.0103898 ,
 -0.3699143 ,  1.0935975 ,  1.073797  ,  2.5523584 ,  1.421353  ,
 -1.8455791 , -1.7743559 ,  2.7137196 , -0.22064297,  2.464388  ,
  0.14845961]"
Day 14_Y8-2-L.png,"[ 2.7805383 ,  2.1557233 , -4.5220695 ,  5.1478868 , -0.50663644,
 -0.16271818, -1.9511292 , -2.3799355 , -0.79870605,  1.8063664 ,
 -0.2358037 ,  2.0586743 , -3.4081144 ,  0.16101614, -3.4442775 ,
 -2.2596102 ]"
Day 10_Y8-3-R.png,"[ 1.2265394 ,  3.2900205 , -3.2830975 ,  4.203502  ,  1.6216179 ,
  0.08290239, -1.6283934 , -1.5480471 , -2.7355163 , -0.41040552,
  1.6859635 ,  2.1174064 , -3.521309  ,  0.10381988, -3.5882156 ,
 -0.77841854]"
Day 4_A8-5-R.png,"[-1.1492726 ,  0.82219243,  0.5324856 , -0.16215265,  1.0314002 ,
  0.17470829,  0.04478612,  0.55383825, -0.7795033 , -1.0754372 ,
  1.0633461 , -0.26923916, -0.03853875, -0.10107853, -0.13571602,
  0.5304821 ]"
Day 3_Y8-3-R.png,"[-0.10272601, -1.2505893 ,  0.7355344 , -1.9301343 ,  0.23860472,
  0.3323387 ,  0.571322  ,  0.10239104,  0.697082  , -0.09904391,
 -0.43177292, -0.34874403,  0.61276215, -0.13923702,  1.0226132 ,
  0.11883414]"
Day 8_Y8-3-L.png,"[-1.228771  ,  2.4925184 , -0.34672943,  1.2635626 ,  2.3264189 ,
  0.1853202 , -0.47102794,  0.47950825, -2.7835844 , -1.8927498 ,
  2.0729265 ,  0.5832156 , -1.376774  , -0.17182425, -1.8353513 ,
  1.1166099 ]"
Day 7_A8-3-L.png,"[-0.6758944 ,  2.8536284 , -1.2190951 ,  2.1082084 ,  2.292002  ,
  0.21712184, -0.8852092 , -0.06677634, -2.7499335 , -1.755863  ,
  2.1147668 ,  0.9629552 , -2.1344514 , -0.11373384, -2.4325502 ,
  0.5274953 ]"
Day 14_A8-3-L.png,"[-0.81427646,  1.3866321 , -0.28045616,  0.44470224,  1.6562768 ,
  0.309908  , -0.34572253,  0.09516632, -1.492475  , -1.4569752 ,
  1.4319593 ,  0.35540882, -1.0995804 , -0.0740948 , -0.90672225,
  0.38866225]"
Day 9_A8-5-R.png,"[ 0.09731382,  2.8843892 , -1.9740458 ,  2.9068675 ,  2.0143144 ,
  0.20574784, -1.1522856 , -0.7409937 , -2.5846744 , -1.1570593 ,
  1.9047883 ,  1.395183  , -2.6288235 , -0.02450524, -2.789395  ,
 -0.14042707]"
Day 1_A8-3-R.png,"[-1.8551393 , -0.16555691,  1.7260339 , -1.6879948 ,  0.61578673,
  0.13026635,  0.51832914,  1.3629869 , -0.2896812 , -1.2959087 ,
  0.7149293 , -0.9257815 ,  1.126129  , -0.04323116,  1.1006024 ,
  1.1060847 ]"
Day 12_A8-3-R.png,"[-0.82896996,  2.7832665 , -1.0272559 ,  2.0066066 ,  2.2896907 ,
  0.22921483, -0.7273128 , -0.02628252, -2.5870254 , -1.7041309 ,
  2.0827153 ,  0.7883577 , -2.014541  , -0.15092486, -2.2489505 ,
  0.63319504]"
Day 8_Y8-1-L.png,"[-0.9357456 ,  2.4698453 , -0.5869413 ,  1.4788241 ,  2.0590248 ,
  0.18523441, -0.60242575,  0.14135218, -2.4272227 , -1.6927963 ,
  1.9537053 ,  0.56936175, -1.5247283 , -0.16479024, -1.8730854 ,
  0.75305253]"
Day 3_Y8-1-R.png,"[ 0.05757894, -6.1914077 ,  3.2541392 , -7.4604573 , -1.5417179 ,
  0.57891613,  1.9201095 ,  0.59953475,  3.4078453 ,  0.45185146,
 -2.7242873 , -1.5619035 ,  3.7892976 ,  0.08717525,  5.3420677 ,
  0.62892616]"
Day 10_Y8-1-R.png,"[ 0.10310999,  3.4309711 , -2.2445574 ,  3.4472415 ,  2.2591136 ,
  0.17741571, -1.2793989 , -0.762647  , -2.9849072 , -1.3217925 ,
  2.1605282 ,  1.5898999 , -2.9244258 , -0.05817353, -3.2487833 ,
 -0.04888551]"
Day 1_Y8-2-R.png,"[ 2.355067  , -5.8101764 ,  1.9781137 , -2.334216  , -6.6918335 ,
 -1.3223376 ,  1.7498773 , -0.62226593,  6.810812  ,  5.0876064 ,
 -5.9488072 , -2.5060687 ,  4.9065022 , -0.01520209,  4.8201156 ,
 -1.3031173 ]"
Day 15_A8-4-R.png,"[ 2.186937  ,  2.6873403 , -3.8172798 ,  4.483895  ,  0.86504585,
 -0.05296899, -1.9297632 , -2.2048278 , -2.0648777 ,  0.48653954,
  1.1224308 ,  2.446981  , -3.320186  ,  0.3895601 , -3.5004928 ,
 -1.4631379 ]"
Day 12_Y8-2-R.png,"[ 1.4318593 ,  2.6536498 , -3.1799943 ,  3.9619427 ,  0.74696726,
 -0.110016  , -1.521179  , -1.7088625 , -1.7259393 ,  0.11684082,
  1.0583647 ,  1.9730417 , -3.0236015 ,  0.3201094 , -3.036059  ,
 -1.2261518 ]"
Day 6_A8-4-R.png,"[-1.1563996 , -1.789946  ,  2.5023346 , -2.435862  , -1.2317212 ,
 -0.22987688,  1.1032588 ,  1.2980812 ,  1.9260263 ,  0.4554084 ,
 -1.0014923 , -1.7494831 ,  2.5368752 , -0.1773285 ,  2.4125168 ,
  0.6612171 ]"
Day 2_A8-5-L.png,"[ 0.9283779 , -2.736922  ,  1.4551321 , -1.7858603 , -2.4060915 ,
 -0.34032163,  1.3148274 , -0.01836661,  3.3645554 ,  2.431939  ,
 -2.8205278 , -1.3483107 ,  2.2170475 , -0.28766546,  2.1435504 ,
 -0.46132958]"
Day 11_A8-5-L.png,"[-0.59939134,  2.625809  , -1.0672244 ,  2.0386202 ,  1.8019971 ,
  0.11279632, -0.7592648 , -0.08258801, -2.282015  , -1.3071002 ,
  1.7750628 ,  0.72395015, -1.7446915 , -0.11085811, -2.1455042 ,
  0.35375586]"
Day 5_Y8-3-L.png,"[-1.9700583 , -0.22282717,  1.2371203 , -2.7383416 ,  2.2918634 ,
  0.8067694 ,  0.3501333 ,  0.9678939 , -1.2731956 , -2.6028996 ,
  1.7292577 , -0.06204352, -0.05094855, -0.00385198,  0.93552697,
  1.0424368 ]"
Day 5_A8-5-L.png,"[-2.077109  , -2.6470478 ,  2.724653  , -5.9176726 ,  1.910656  ,
  1.0296156 ,  1.3635128 ,  1.551318  , -0.3521061 , -2.7382581 ,
  1.0054189 , -0.7442598 ,  1.5568936 ,  0.10184403,  2.956225  ,
  1.8166121 ]"
Day 11_Y8-3-L.png,"[ 1.1846497 ,  3.1555276 , -3.108151  ,  4.1109934 ,  1.5655268 ,
  0.09071364, -1.6651806 , -1.5396372 , -2.672456  , -0.4813335 ,
  1.7538362 ,  2.1230667 , -3.2612033 ,  0.19243017, -3.5377982 ,
 -0.8654843 ]"
Day 2_Y8-3-L.png,"[-0.5747399 , -2.1614902 ,  2.0204625 , -2.7247317 , -1.0824397 ,
 -0.02943663,  1.093274  ,  0.73173636,  2.0579312 ,  0.5590055 ,
 -1.2712952 , -1.4001468 ,  2.0682683 , -0.17769572,  2.3266304 ,
  0.40996137]"
Day 4_Y8-1-R.png,"[-2.3022604 , -0.9466421 ,  2.2918236 , -2.894036  ,  0.49060696,
  0.23062684,  0.62391675,  1.5871506 , -0.19233309, -1.7474493 ,
  0.7480547 , -1.1126097 ,  1.7209731 ,  0.15466692,  2.2079058 ,
  1.0041246 ]"
Day 6_Y8-2-R.png,"[-1.0732063 ,  2.6077642 , -0.4759311 ,  1.4599172 ,  2.2692037 ,
  0.17760514, -0.56739193,  0.1824284 , -2.5565746 , -1.7603332 ,
  2.0131125 ,  0.52595675, -1.5321633 , -0.20936915, -1.9639904 ,
  0.9779452 ]"
Day 12_A8-4-R.png,"[ 0.01612945,  3.4598272 , -2.3190348 ,  3.4231737 ,  2.1256404 ,
  0.16528663, -1.3425322 , -0.7577168 , -3.063049  , -1.309543  ,
  2.2424166 ,  1.5761977 , -2.9621043 ,  0.01864219, -3.3263388 ,
 -0.10866804]"
Day 15_Y8-2-R.png,"[ 1.648971  ,  3.0523784 , -3.5467687 ,  4.1801457 ,  1.3850714 ,
  0.1886976 , -1.8512979 , -2.036676  , -2.370165  , -0.08010719,
  1.5576582 ,  2.3195674 , -3.6747034 ,  0.22824904, -3.460121  ,
 -1.6758311 ]"
Day 1_A8-4-R.png,"[ 0.0352172 , -0.71028537,  0.46026447, -0.15993787, -1.1781702 ,
 -0.29108343,  0.24286538,  0.22415492,  1.2722628 ,  1.010241  ,
 -0.89510995, -0.6292118 ,  0.8761424 , -0.07372381,  0.8189465 ,
 -0.35466638]"
Day 6_A8-3-R.png,"[-0.93714446, -5.100267  ,  3.4207222 , -7.445808  , -0.58579576,
  0.7056838 ,  1.8471327 ,  0.9183647 ,  2.2212842 , -0.98398286,
 -1.4401885 , -1.5800924 ,  3.2738874 ,  0.07583065,  5.068704  ,
  1.3330755 ]"
Day 15_A8-3-R.png,"[-0.03458488,  2.588629  , -1.6012772 ,  2.3926506 ,  1.6918129 ,
  0.2255612 , -1.0765699 , -0.6082764 , -2.3094046 , -1.0542426 ,
  1.8507118 ,  1.2256563 , -2.263083  ,  0.05516121, -2.2754688 ,
 -0.37057757]"
Day 9_Y8-3-R.png,"[-0.9733798 ,  2.954212  , -0.89639395,  1.9605316 ,  2.6393754 ,
  0.19704658, -0.6954907 ,  0.15571474, -3.2118406 , -1.8811483 ,
  2.2780445 ,  0.9636703 , -1.9644573 , -0.20030074, -2.4241574 ,
  0.9482499 ]"
Day 0_A8-3-L.png,"[ 1.4294692 , -5.00042   ,  2.534874  , -3.2159173 , -4.698489  ,
 -0.7414304 ,  1.9627548 , -0.11616884,  5.8467264 ,  4.0233383 ,
 -4.7406583 , -2.4420447 ,  4.334169  , -0.4260677 ,  4.153593  ,
 -0.5756765 ]"
Day 13_A8-3-L.png,"[-0.9213366 ,  1.2159481 , -0.04684215,  0.40392023,  1.3729864 ,
  0.29272586, -0.24852332,  0.3124478 , -1.0880586 , -1.1726185 ,
  1.2264632 ,  0.1723629 , -0.67424875, -0.0808356 , -0.60412407,
  0.13332435]"
Day 9_Y8-1-R.png,"[-0.06842116,  3.5550034 , -2.1803012 ,  3.3752136 ,  2.3440037 ,
  0.15272833, -1.2802198 , -0.6726518 , -3.2085555 , -1.4703267 ,
  2.2746577 ,  1.5403787 , -2.96007   , -0.06073122, -3.3033507 ,
  0.15039481]"
Day 8_A8-5-L.png,"[-1.3843691 ,  2.2148693 , -0.09442174,  0.83814627,  2.0270185 ,
  0.22264166, -0.40391192,  0.61941195, -2.3366435 , -1.8730448 ,
  1.9947097 ,  0.28622603, -1.1191059 , -0.14737244, -1.4420583 ,
  0.9625583 ]"
Day 3_A8-5-R.png,"[-1.2413977e+00, -2.2352016e+00,  2.0698049e+00, -4.0829597e+00,
  6.6028255e-01,  6.2061179e-01,  1.0301524e+00,  8.6647898e-01,
  6.0084164e-01, -1.3137848e+00,  3.5583097e-02, -7.4072909e-01,
  1.3223300e+00, -1.6508158e-03,  2.4690902e+00,  9.6762151e-01]"
Day 4_Y8-3-R.png,"[-0.65411806,  1.4236776 , -0.26083994,  0.93555385,  0.89526415,
  0.04397472, -0.35967192,  0.16792478, -1.274808  , -0.86695796,
  1.134134  ,  0.2391775 , -0.7097682 , -0.07920714, -0.9882463 ,
  0.25469118]"
Day 10_A8-5-R.png,"[-0.45975682,  2.8259423 , -1.4128783 ,  2.3964853 ,  1.9871128 ,
  0.1555846 , -0.94707423, -0.2023874 , -2.5632336 , -1.449034  ,
  1.9880775 ,  1.0879233 , -2.135679  , -0.00972923, -2.4076915 ,
  0.25638095]"
Day 2_Y8-1-L.png,"[ 1.5700939 , -3.810376  ,  1.6696714 , -2.3505025 , -3.469911  ,
 -0.51581657,  1.5525016 , -0.3900402 ,  4.594862  ,  3.329025  ,
 -3.8935049 , -1.6827244 ,  2.8507516 , -0.35550025,  2.9762068 ,
 -0.6258596 ]"
Day 11_Y8-1-L.png,"[ 1.5592531 ,  2.9411774 , -3.3782244 ,  4.207236  ,  1.344121  ,
  0.02263398, -1.7568542 , -1.8456128 , -2.4220064 , -0.19130006,
  1.4872767 ,  2.344473  , -3.3781383 ,  0.2778468 , -3.5043066 ,
 -1.051435  ]"
Day 14_A8-4-L.png,"[ 0.8895369 ,  3.203807  , -3.180412  ,  3.887775  ,  1.7485759 ,
  0.16445106, -1.6131904 , -1.3415313 , -2.7835803 , -0.7469111 ,
  1.9275125 ,  2.0317383 , -3.434952  ,  0.12705925, -3.509597  ,
 -0.7063838 ]"
Day 0_Y8-2-L.png,"[-0.06587762, -2.3868885 ,  1.8983583 , -1.6908826 , -2.5876262 ,
 -0.54073256,  1.1638719 ,  0.54444766,  3.2930262 ,  2.1592007 ,
 -2.4025223 , -1.9305905 ,  2.8669837 , -0.39149058,  2.4321792 ,
 -0.1943657 ]"
Day 7_A8-4-L.png,"[-0.8618303 ,  2.2037694 , -0.61867607,  1.2961646 ,  1.9295833 ,
  0.20650065, -0.6278072 ,  0.24174233, -2.3211296 , -1.683859  ,
  1.9394717 ,  0.6670042 , -1.4482849 , -0.01650575, -1.717076  ,
  0.6341212 ]"
Day 13_Y8-2-L.png,"[ 1.7557126 ,  2.6219566 , -3.4567518 ,  4.213775  ,  0.8465601 ,
 -0.08771177, -1.7593515 , -1.8270302 , -1.9240628 ,  0.33040667,
  1.1074152 ,  2.1483212 , -3.0974605 ,  0.37932327, -3.274184  ,
 -1.1845964 ]"
Day 9_A8-4-R.png,"[-1.3969998 ,  2.3257837 , -0.20531288,  0.9014073 ,  2.1957717 ,
  0.24432983, -0.43019658,  0.57776016, -2.5335846 , -1.9673344 ,
  2.0541685 ,  0.39027694, -1.2253499 , -0.1553452 , -1.5391787 ,
  1.0238032 ]"
Day 5_A8-3-L.png,"[-1.9707628 , -4.971207  ,  3.65886   , -9.167874  ,  1.6114997 ,
  1.3520905 ,  1.8694719 ,  1.7477429 ,  0.07789035, -3.1966596 ,
  0.6511243 , -1.0718061 ,  2.7337608 ,  0.4072392 ,  4.8906107 ,
  2.0015838 ]"
Day 14_Y8-1-L.png,"[ 1.0325456 ,  2.869652  , -2.8485177 ,  3.8366635 ,  1.1989107 ,
 -0.01657306, -1.4222206 , -1.442928  , -1.9576489 , -0.22829613,
  1.2990814 ,  1.8385785 , -2.987926  ,  0.22407195, -3.0056536 ,
 -1.021844  ]"
Day 7_Y8-1-L.png,"[-0.9036894 ,  2.353775  , -0.7203399 ,  1.3822546 ,  2.0735471 ,
  0.25026342, -0.64947623,  0.16425936, -2.2703626 , -1.7397282 ,
  1.9361556 ,  0.6192161 , -1.696519  , -0.09628592, -1.7666478 ,
  0.5929411 ]"
Day 2_A8-4-L.png,"[-0.6763919 , -1.0998104 ,  1.1981701 , -2.0201542 ,  0.5341945 ,
  0.34777573,  0.7383618 ,  0.5131755 ,  0.6404992 , -0.42137918,
 -0.14634481, -0.6148742 ,  0.7768895 , -0.15900086,  1.171011  ,
  0.52915394]"
Day 11_A8-4-L.png,"[ 0.52862215,  2.9303637 , -2.3700004 ,  3.2952015 ,  1.5656964 ,
  0.03332682, -1.2912283 , -1.0175766 , -2.4829981 , -0.7141315 ,
  1.6907703 ,  1.6529305 , -2.6862354 ,  0.05646123, -2.9113402 ,
 -0.30858913]"
Day 5_Y8-2-L.png,"[-0.99816346, -0.424841  ,  0.462     , -2.3442583 ,  2.6064332 ,
  0.9463452 ,  0.08242385,  0.40787306, -1.3068625 , -2.089531  ,
  1.5079923 ,  0.5593028 , -0.57053405,  0.15471822,  0.3206643 ,
  0.40602908]"
Day 1_Y8-3-R.png,"[-1.0980417 , -1.3466966 ,  2.0582914 , -1.6959893 , -1.1415027 ,
 -0.26223972,  0.86893207,  1.2192684 ,  1.6929852 ,  0.59478015,
 -0.8458245 , -1.6126697 ,  2.2305355 , -0.1858469 ,  1.95906   ,
  0.44080082]"
Day 15_A8-5-R.png,"[ 1.2228954 ,  3.001635  , -3.1337857 ,  3.9654639 ,  1.5632821 ,
  0.21326597, -1.6046022 , -1.6380708 , -2.2713432 , -0.30558768,
  1.591749  ,  2.0493715 , -3.2976131 ,  0.11416325, -3.3630178 ,
 -1.3164103 ]"
Day 12_Y8-3-R.png,"[ 1.7010612 ,  2.4649339 , -3.1978743 ,  3.8626673 ,  0.9242886 ,
 -0.0294724 , -1.5845813 , -1.847915  , -1.8694357 ,  0.23303312,
  1.0058357 ,  2.170315  , -2.9297128 ,  0.27753866, -3.052645  ,
 -1.1231323 ]"
Day 6_A8-5-R.png,"[-1.8099566 ,  0.7742117 ,  0.6322893 , -1.2819673 ,  2.340479  ,
  0.6473774 ,  0.06331918,  0.7990862 , -1.5065565 , -2.4082835 ,
  1.8484545 ,  0.10096401, -0.5573872 , -0.03723159,  0.07560144,
  0.8821055 ]"
Day 12_Y8-1-R.png,"[ 1.6674678 ,  3.4791346 , -4.1306806 ,  5.027376  ,  1.25912   ,
  0.07413684, -1.9743284 , -2.1050823 , -2.8199322 , -0.05200864,
  1.7558863 ,  2.496575  , -3.9679956 ,  0.24294382, -4.1168804 ,
 -1.3836998 ]"
Day 1_Y8-1-R.png,"[-1.4403832 ,  0.6155244 ,  0.9434291 , -0.58138514,  0.93874395,
  0.1074362 ,  0.1346693 ,  0.9410907 , -0.7208969 , -1.26298   ,
  1.0061194 , -0.49504682,  0.28247753, -0.04118724,  0.24400184,
  0.75046223]"
Day 8_A8-3-L.png,"[-1.6910783 ,  1.6021221 ,  0.5453585 ,  0.0430183 ,  1.7143853 ,
  0.21542412, -0.13109094,  1.0186398 , -1.8546351 , -1.90609   ,
  1.7318466 , -0.13537219, -0.41175157, -0.09218195, -0.60629475,
  1.0512459 ]"
Day 10_Y8-2-R.png,"[ 0.10679554,  2.9682672 , -1.9348017 ,  2.889827  ,  2.0142353 ,
  0.15630472, -1.0754186 , -0.7420756 , -2.5959227 , -1.1427174 ,
  1.80106   ,  1.3381155 , -2.5299113 , -0.10471977, -2.8386798 ,
  0.01543978]"
Day 4_A8-4-R.png,"[-3.9918182e+00, -2.8795178e+00,  4.9345469e+00, -6.1291604e+00,
  6.5194070e-04,  3.1391940e-01,  1.7869458e+00,  3.2760711e+00,
  7.7783018e-01, -2.2785387e+00,  2.2275519e-01, -2.5939813e+00,
  4.1913710e+00,  1.4187101e-01,  4.8572316e+00,  1.8488089e+00]"
Day 3_Y8-2-R.png,"[-0.5199776 , -0.34131014,  0.5893155 , -1.1480753 ,  0.6243847 ,
  0.28034985,  0.31652126,  0.23415886,  0.16366823, -0.48092303,
  0.08563718, -0.2726625 ,  0.20279013, -0.17861308,  0.5295013 ,
  0.23476748]"
Day 13_A8-5-L.png,"[ 0.54002666,  2.1744118 , -2.0644007 ,  2.598646  ,  1.3537072 ,
  0.22532435, -1.1357517 , -0.94145304, -1.774625  , -0.55471176,
  1.3851228 ,  1.4048378 , -2.4368613 ,  0.1086553 , -2.2356915 ,
 -0.9122708 ]"
Day 7_Y8-3-L.png,"[-0.4476251 ,  2.6384008 , -1.4381257 ,  2.1401248 ,  2.0629854 ,
  0.27366453, -0.93352205, -0.16151564, -2.498411  , -1.5058823 ,
  1.9891807 ,  1.0237296 , -2.1499403 ,  0.00283684, -2.3149076 ,
  0.12385453]"
Day 0_A8-5-L.png,"[ 1.139919  , -4.063834  ,  2.151424  , -2.5615153 , -4.120982  ,
 -0.6865572 ,  1.5910813 ,  0.09890319,  4.9303126 ,  3.4937701 ,
 -3.9945836 , -2.1895576 ,  3.746278  , -0.41134846,  3.4619877 ,
 -0.5978296 ]"
Day 14_Y8-3-L.png,"[ 1.4261354 ,  1.0956392 , -2.192347  ,  2.8943677 , -0.6578384 ,
 -0.31238747, -0.76866376, -1.2842538 ,  0.26621482,  1.1348127 ,
 -0.41935512,  0.8776747 , -1.4021633 ,  0.15723236, -1.343591  ,
 -1.3612355 ]"
Day 8_Y8-2-L.png,"[-1.9652848 ,  1.3444424 ,  0.8504776 , -0.43474066,  1.590482  ,
  0.22931172,  0.04533659,  1.3570311 , -1.7328718 , -1.9524771 ,
  1.7268188 , -0.37783715,  0.01899089, -0.06263106, -0.21697086,
  1.2418442 ]"
Day 10_A8-3-R.png,"[-0.34356207,  3.245553  , -1.866279  ,  2.8145878 ,  2.259551  ,
  0.1815923 , -1.1671693 , -0.34990978, -3.0585554 , -1.6033926 ,
  2.2687988 ,  1.3690352 , -2.6364872 , -0.02897337, -2.961223  ,
  0.22900827]"
Day 3_A8-3-R.png,"[-0.6503927 , -2.2126591 ,  1.6637889 , -3.5015368 ,  0.25571403,
  0.49578643,  1.0319744 ,  0.59049284,  1.0666778 , -0.6444483 ,
 -0.507473  , -0.7947569 ,  1.3102493 , -0.13975741,  2.2041643 ,
  0.69004893]"
Day 5_A8-5-R.png,"[-1.3340108 , -0.0627887 ,  0.57203746, -1.9807141 ,  2.2922542 ,
  0.78730583,  0.12046941,  0.5445965 , -1.3470314 , -2.1947262 ,
  1.5362247 ,  0.29636934, -0.44739106,  0.05688688,  0.2703483 ,
  0.6594563 ]"
Day 11_Y8-3-R.png,"[ 1.5461216 ,  2.6737008 , -3.2249415 ,  3.9940464 ,  0.9515104 ,
 -0.05368043, -1.5881866 , -1.7378095 , -2.051337  ,  0.05431295,
  1.253338  ,  2.2229636 , -3.0892208 ,  0.30764306, -3.1910422 ,
 -1.1255553 ]"
Day 2_Y8-3-R.png,"[ 3.0622385 , -6.363642  ,  1.4531618 , -3.9991333 , -4.612207  ,
 -0.3751829 ,  1.7894372 , -0.48323676,  5.3664813 ,  4.167447  ,
 -5.0837584 , -1.5073363 ,  3.6789134 , -0.07668058,  4.222538  ,
 -0.972022  ]"
Day 4_Y8-1-L.png,"[-1.9095273 , -0.3705911 ,  1.6497686 , -1.9395952 ,  0.7677291 ,
  0.26986045,  0.37261465,  1.212274  , -0.44646564, -1.6286973 ,
  0.9245304 , -0.75410676,  1.0075247 ,  0.08966517,  1.4745417 ,
  0.7681656 ]"
Day 6_Y8-2-L.png,"[-1.7548355 , -0.03311551,  1.3255554 , -1.6120757 ,  1.1817046 ,
  0.3661803 ,  0.38331228,  1.0902828 , -0.5154818 , -1.5408865 ,
  0.9365834 , -0.61482674,  0.507621  , -0.05689068,  0.89858776,
  0.7432235 ]"
Day 12_A8-4-L.png,"[ 0.53558546,  2.526393  , -2.3011591 ,  2.9491627 ,  1.4340132 ,
  0.13042983, -1.254793  , -0.94491994, -2.2390568 , -0.7120047 ,
  1.5458255 ,  1.6205882 , -2.5775895 ,  0.13874453, -2.6968718 ,
 -0.5450128 ]"
Day 15_Y8-2-L.png,"[ 1.751153  ,  2.7887077 , -3.3983912 ,  4.1735992 ,  0.99317694,
  0.00930594, -1.7559066 , -1.8619581 , -2.1420484 ,  0.15962857,
  1.2947865 ,  2.2361093 , -3.2830527 ,  0.26484048, -3.362271  ,
 -1.3198049 ]"
Day 1_A8-4-L.png,"[ 2.56441   , -3.4502811 ,  0.10438615, -0.00778314, -5.0558143 ,
 -1.0953822 ,  0.76217985, -1.2595669 ,  5.122697  ,  4.855079  ,
 -4.415571  , -1.3455691 ,  2.454948  , -0.01754206,  2.6165733 ,
 -1.6908267 ]"
Day 6_A8-3-L.png,"[ 0.3574323 , -4.947762  ,  2.4061496 , -5.8663716 , -1.2743508 ,
  0.50126874,  1.4234898 ,  0.31133327,  2.7651253 ,  0.30237278,
 -2.247894  , -1.1671784 ,  2.8806622 ,  0.02029029,  4.267882  ,
  0.23771158]"
Day 15_A8-3-L.png,"[ 0.83121175,  2.5179915 , -2.2795765 ,  2.9432487 ,  1.1465222 ,
  0.09279017, -1.316039  , -1.0976774 , -2.1177762 , -0.5506951 ,
  1.5865464 ,  1.5555719 , -2.4780197 ,  0.18136781, -2.5420263 ,
 -0.63419104]"
Day 9_Y8-3-L.png,"[-0.39578104,  3.312107  , -1.6612196 ,  2.7910416 ,  2.4610088 ,
  0.17014147, -1.0492843 , -0.35367927, -3.179159  , -1.6387693 ,
  2.2601922 ,  1.3505574 , -2.5804415 , -0.11909059, -2.9510317 ,
  0.45614666]"
Day 0_A8-3-R.png,"[ 1.3788773 , -6.78292   ,  3.3609781 , -5.7247143 , -4.6465726 ,
 -0.38118708,  2.41562   ,  0.04956446,  6.169234  ,  3.4144764 ,
 -5.102425  , -2.635314  ,  5.1850233 , -0.26937976,  5.6347995 ,
 -0.05599363]"
Day 13_A8-3-R.png,"[-0.63639337,  1.519363  , -0.26411232,  0.8409862 ,  1.1899993 ,
  0.10796961, -0.42194435,  0.15418296, -1.4201567 , -1.12519   ,
  1.3237162 ,  0.31897727, -0.8414012 , -0.05270898, -0.98348486,
  0.35174146]"
Day 9_Y8-1-L.png,"[-0.5728501 ,  2.7564957 , -1.1653755 ,  2.188864  ,  1.8888663 ,
  0.15640523, -0.87049264, -0.06528836, -2.4378111 , -1.3832903 ,
  1.9116695 ,  0.8695249 , -1.8848498 , -0.07490341, -2.2914102 ,
  0.22121137]"
Day 8_A8-5-R.png,"[-0.8325141 ,  2.0107589 , -0.6092696 ,  1.2398121 ,  1.7498564 ,
  0.22785944, -0.5976144 ,  0.17667986, -1.9661546 , -1.4880913 ,
  1.7401549 ,  0.54214466, -1.4168285 ,  0.00700766, -1.4712598 ,
  0.34236234]"
Day 3_A8-5-L.png,"[-0.26725537, -4.403382  ,  2.4874682 , -6.2670016 ,  0.2080369 ,
  0.808348  ,  1.3776492 ,  0.61126226,  1.496077  , -0.9458638 ,
 -1.1089971 , -0.918596  ,  2.2283587 ,  0.09909074,  3.713838  ,
  0.70934534]"
Day 4_Y8-3-L.png,"[-1.5562434 , -0.41264313,  1.4883343 , -1.6300042 ,  0.4280097 ,
  0.15455963,  0.35711855,  1.0219953 , -0.16831681, -1.0954256 ,
  0.5658782 , -0.7554445 ,  1.0400631 ,  0.02145064,  1.2463366 ,
  0.5656697 ]"
Day 10_A8-5-L.png,"[-1.8353773 ,  1.7621838 ,  0.3462379 ,  0.11397934,  1.790447  ,
  0.28552973, -0.25751147,  1.178613  , -2.2155192 , -2.198345  ,
  2.1258547 ,  0.01102075, -0.6120287 ,  0.04024676, -0.6449332 ,
  0.99110276]"
Day 2_Y8-1-R.png,"[-0.8327634 , -1.5736183 ,  1.5179734 , -2.9441304 ,  0.5577976 ,
  0.48276404,  0.88114643,  0.68808025,  0.62352103, -0.7923846 ,
 -0.1135741 , -0.6000721 ,  0.96555775, -0.10936356,  1.770936  ,
  0.5409432 ]"
Day 11_Y8-1-R.png,"[ 1.7355608e+00,  2.8887377e+00, -3.5388319e+00,  4.2892923e+00,
  1.2003422e+00,  1.2810091e-02, -1.7853336e+00, -2.0310166e+00,
 -2.3044004e+00,  3.2450398e-03,  1.3859197e+00,  2.4527929e+00,
 -3.4203403e+00,  3.1376067e-01, -3.5284441e+00, -1.3090813e+00]"
Day 14_A8-4-R.png,"[-5.5534559e-01,  2.5613918e+00, -1.4286453e+00,  1.9649653e+00,
  2.1461980e+00,  3.1996438e-01, -9.5574123e-01, -1.5395683e-01,
 -2.5249896e+00, -1.6446519e+00,  2.0624642e+00,  1.0802792e+00,
 -2.1742778e+00,  2.2236966e-03, -2.2310832e+00,  1.4388348e-01]"
Day 0_Y8-2-R.png,"[ 1.5640693 , -4.5709352 ,  1.8360448 , -2.3713546 , -4.739769  ,
 -0.81355894,  1.5561565 , -0.18543358,  5.4970675 ,  4.1911283 ,
 -4.6201034 , -2.2008631 ,  3.9417405 , -0.31731296,  3.6252332 ,
 -0.97383326]"
Day 7_A8-4-R.png,"[-3.1577291 , -0.14538449,  2.8185616 , -3.1448078 ,  1.1569884 ,
  0.35057536,  0.9237478 ,  2.7256005 , -1.1093396 , -2.633631  ,
  1.6151638 , -1.5110189 ,  1.8784378 ,  0.02097411,  1.9996097 ,
  1.9671    ]"
Day 13_Y8-2-R.png,"[ 9.7415781e-01,  2.9821246e+00, -2.8450572e+00,  3.8950131e+00,
  1.2047217e+00,  6.4215297e-04, -1.4512768e+00, -1.4242828e+00,
 -1.9588896e+00, -3.4311119e-01,  1.3531482e+00,  1.8644364e+00,
 -3.1361129e+00,  2.3780930e-01, -3.1371400e+00, -9.5020592e-01]"
Day 9_A8-4-L.png,"[-1.288873  ,  2.2793984 , -0.2549253 ,  0.9814064 ,  2.07421   ,
  0.18686366, -0.4357523 ,  0.47399166, -2.4239774 , -1.8484433 ,
  1.9667296 ,  0.4292375 , -1.1942995 , -0.13385044, -1.5639051 ,
  0.97438633]"
Day 5_A8-3-R.png,"[-0.90569437, -0.54737484,  0.3005822 , -2.5760965 ,  2.629413  ,
  0.9535359 ,  0.08621135,  0.31894484, -1.3892006 , -2.2054727 ,
  1.5432904 ,  0.6926874 , -0.6515526 ,  0.22221166,  0.2912881 ,
  0.39718148]"
Day 14_Y8-1-R.png,"[ 1.676271  ,  2.8834188 , -3.6554236 ,  4.279349  ,  1.0013204 ,
  0.02886422, -1.8315693 , -1.9580433 , -2.3496895 ,  0.0712834 ,
  1.410057  ,  2.3895767 , -3.4849892 ,  0.3233282 , -3.6322007 ,
 -1.381059  ]"
Day 7_Y8-1-R.png,"[-1.4126825 ,  1.9381123 ,  0.15517667,  0.4301506 ,  2.0555117 ,
  0.22548227, -0.32027003,  0.83971334, -2.1633272 , -2.0103776 ,
  1.9074994 ,  0.17170174, -0.85360575, -0.07435163, -1.0690612 ,
  1.0683079 ]"
Day 2_A8-4-R.png,"[ 4.2987    , -7.3432703 ,  2.1890771 , -3.5515633 , -7.278099  ,
 -1.1609741 ,  2.5710037 , -1.3742784 ,  8.486646  ,  7.231651  ,
 -7.933822  , -2.6506693 ,  5.27844   , -0.52141654,  5.06303   ,
 -1.8046669 ]"
Day 11_A8-4-R.png,"[-0.5985841 ,  2.2113988 , -0.85720944,  1.6385889 ,  1.8674954 ,
  0.14890836, -0.59097064,  0.14549758, -2.2914212 , -1.265603  ,
  1.607     ,  0.81655145, -1.6102415 , -0.10455982, -1.7860267 ,
  0.5065291 ]"
Day 5_Y8-2-R.png,"[-1.2691584 ,  0.6396954 ,  0.06383341, -1.2856557 ,  2.6083126 ,
  0.78301185, -0.06893264,  0.5846393 , -1.7775699 , -2.1520274 ,
  1.7795554 ,  0.52327645, -0.898192  , -0.02373649, -0.46319574,
  0.53612167]"
Day 1_Y8-3-L.png,"[ 0.20350482,  0.40350738, -0.49246493,  0.8031069 , -0.3200142 ,
 -0.18679553, -0.18888637, -0.2836995 ,  0.18882127,  0.33357662,
 -0.12873226,  0.08497642, -0.22197485,  0.03252402, -0.24249706,
 -0.27767172]"
Day 15_A8-5-L.png,"[ 0.9213832 ,  2.5768528 , -2.533283  ,  3.131578  ,  1.2754934 ,
  0.10772029, -1.4871762 , -1.2693125 , -2.1707318 , -0.46915093,
  1.5282012 ,  1.7277019 , -2.7517285 ,  0.24341327, -2.7381315 ,
 -0.9658406 ]"
Day 12_Y8-3-L.png,"[ 1.3823594 ,  2.7583315 , -3.0958102 ,  3.992337  ,  1.1073605 ,
  0.02058828, -1.6571833 , -1.6596435 , -2.198548  , -0.10325402,
  1.4227409 ,  2.1411536 , -3.2665854 ,  0.2649916 , -3.376246  ,
 -1.1144319 ]"
Day 6_A8-5-L.png,"[-1.2389907 , -0.9735007 ,  1.7962675 , -2.0348592 , -0.16357414,
  0.06215147,  0.7932288 ,  1.0521111 ,  0.9988672 , -0.3334892 ,
 -0.2288225 , -1.1959995 ,  1.3893516 , -0.13519186,  1.6602266 ,
  0.67692316]"
Day 12_Y8-1-L.png,"[ 1.6831528 ,  2.3128366 , -3.1803792 ,  3.7584164 ,  0.9167616 ,
  0.03546741, -1.5595902 , -1.8647859 , -1.7758383 ,  0.27007672,
  1.0074122 ,  2.0743818 , -2.9780765 ,  0.2560942 , -3.008909  ,
 -1.3174942 ]"
Day 1_Y8-1-L.png,"[-0.8585494 ,  0.20598167,  0.59771556, -0.33900213,  0.05192328,
 -0.02354556,  0.09034089,  0.6690788 , -0.07288007, -0.40943912,
  0.36604804, -0.49188188,  0.37912425, -0.00934695,  0.37905017,
  0.29521957]"
Day 8_A8-3-R.png,"[-1.3915796 ,  1.6346192 ,  0.16319257,  0.3641356 ,  1.68362   ,
  0.26105464, -0.21387175,  0.6232699 , -1.5947703 , -1.6006663 ,
  1.6011472 ,  0.02238725, -0.73628026, -0.12759581, -0.79498684,
  0.63262403]"
Day 10_Y8-2-L.png,"[-0.5344541 ,  2.8951254 , -1.4400302 ,  2.3548288 ,  2.1618452 ,
  0.18798338, -0.9792923 , -0.10816966, -2.8111753 , -1.6121993 ,
  2.1348605 ,  1.1124718 , -2.213061  , -0.0076729 , -2.442675  ,
  0.3495458 ]"
Day 4_A8-4-L.png,"[-2.30002   , -1.2058887 ,  2.5966477 , -2.9955032 ,  0.06344579,
  0.09326476,  0.8702432 ,  1.8438404 ,  0.31922963, -1.3242956 ,
  0.3532108 , -1.4653023 ,  2.1814659 ,  0.09786759,  2.4588666 ,
  0.98841006]"
Day 3_Y8-2-L.png,"[ 0.27497593, -2.2017472 ,  1.3720392 , -1.8986096 , -1.6149268 ,
 -0.15871318,  1.0558069 ,  0.18687116,  2.5085483 ,  1.4424977 ,
 -1.9546642 , -1.2417425 ,  1.7698603 , -0.29934493,  2.0035045 ,
 -0.16052815]"
Day 13_A8-5-R.png,"[ 1.1669604 ,  2.5105076 , -2.6941688 ,  3.4283721 ,  1.0216414 ,
 -0.0074363 , -1.4947156 , -1.407845  , -2.2447603 , -0.19079708,
  1.4321451 ,  1.8864993 , -2.600422  ,  0.2662255 , -2.8780913 ,
 -0.8087816 ]"
Day 7_Y8-3-R.png,"[-1.0510328 ,  2.563671  , -0.70939493,  1.4640062 ,  2.242599  ,
  0.24211322, -0.6775403 ,  0.3387761 , -2.5982618 , -1.9353511 ,
  2.1308782 ,  0.69846255, -1.6572258 , -0.06267515, -1.9273889 ,
  0.75104207]"
Day 0_A8-5-R.png,"[-2.2390888 , -0.6704304 ,  2.3747327 , -2.163513  ,  0.03511061,
  0.02958735,  0.861307  ,  2.0313158 ,  0.45221326, -0.8315128 ,
  0.24418953, -1.6144568 ,  1.9904692 , -0.09052353,  1.8240528 ,
  1.1112909 ]"
Day 14_Y8-3-R.png,"[ 1.7109952 ,  3.2506282 , -4.004048  ,  4.678163  ,  1.1636539 ,
  0.05557121, -1.9062021 , -2.0142028 , -2.6000118 ,  0.01498943,
  1.6242985 ,  2.3572052 , -3.822996  ,  0.23278359, -3.83771   ,
 -1.2911568 ]"
Day 8_Y8-2-R.png,"[-0.30900958,  0.79398525, -0.31981292,  0.58398694,  0.39116627,
  0.04502518, -0.17683148, -0.2165078 , -0.2798605 , -0.29811266,
  0.52119106, -0.02972578, -0.4252907 , -0.15684593, -0.44659626,
 -0.13269378]"
Day 10_A8-3-L.png,"[-0.9040316 ,  2.5498579 , -0.7130015 ,  1.6502047 ,  2.1195953 ,
  0.19320743, -0.66115844,  0.10414407, -2.453343  , -1.704243  ,
  2.011996  ,  0.6158668 , -1.6427379 , -0.14161298, -1.9541813 ,
  0.67437476]"
Day 3_A8-3-L.png,"[-0.2941674 , -1.539663  ,  1.7387314 , -2.187865  ,  0.04008339,
  0.23250605,  1.1598783 ,  0.44817445,  1.4768399 ,  0.2550355 ,
 -0.93780714, -0.8279361 ,  1.1856383 , -0.23997267,  1.6144702 ,
  0.38495147]"
Day 8_A8-4-R.png,"[-1.8082929 ,  1.3833163 ,  0.69766295, -0.30777955,  1.6242839 ,
  0.24278006, -0.04874456,  1.1052943 , -1.76993   , -1.9657699 ,
  1.6940367 , -0.1934697 , -0.27010366, -0.06506208, -0.3736681 ,
  1.0958409 ]"
Day 4_A8-3-L.png,"[-2.5219512 , -1.475181  ,  2.8973162 , -3.517744  ,  0.12387088,
  0.16905285,  0.9999764 ,  1.9068569 ,  0.39889362, -1.5821286 ,
  0.3369694 , -1.5490994 ,  2.4051714 ,  0.08597039,  2.791553  ,
  1.1106274 ]"
Day 14_A8-5-R.png,"[ 1.3364942 ,  2.5869305 , -3.7095547 ,  3.8413093 ,  1.8817374 ,
  0.28797725, -1.6428212 , -1.760418  , -2.3752239 , -0.14024284,
  1.6832722 ,  2.6030824 , -3.7083163 ,  0.27594954, -3.6186585 ,
 -1.6100019 ]"
Day 0_Y8-3-R.png,"[ 1.2728842 , -2.5215678 ,  0.7865169 , -1.0162153 , -2.7610066 ,
 -0.51290154,  1.0030696 , -0.17148177,  3.5610285 ,  2.837801  ,
 -3.0205503 , -1.2850434 ,  2.0219123 , -0.32091355,  1.8444263 ,
 -0.4975367 ]"
Day 7_A8-5-R.png,"[-1.9670725 ,  1.1390474 ,  0.8347777 , -0.69765794,  1.3581074 ,
  0.29428494,  0.0223859 ,  1.5289117 , -1.7562752 , -2.096172  ,
  1.8592126 , -0.36299148,  0.06836865,  0.05165111,  0.02336611,
  1.1090935 ]"
Day 13_Y8-3-R.png,"[ 2.56827   ,  2.6054473 , -4.063862  ,  4.5828567 ,  0.2565961 ,
 -0.11025792, -1.9071426 , -2.329635  , -1.8068659 ,  0.7832656 ,
  0.9586262 ,  2.5180805 , -3.4102805 ,  0.37574223, -3.5464916 ,
 -1.8083404 ]"
Day 15_Y8-1-L.png,"[ 2.2213507 ,  2.8761365 , -3.8577886 ,  4.692133  ,  0.929975  ,
 -0.05516568, -1.9743383 , -2.2908952 , -2.269402  ,  0.50034404,
  1.228482  ,  2.5851758 , -3.4113858 ,  0.38471225, -3.6948197 ,
 -1.5360548 ]"
Day 6_Y8-1-L.png,"[-1.4163206 , -0.08549098,  1.6191797 , -1.2548677 ,  0.09318674,
 -0.0879969 ,  0.5337833 ,  1.2689154 ,  0.24813266, -0.54817575,
  0.28705207, -1.0853518 ,  1.2301123 , -0.17258523,  0.9456786 ,
  0.96864825]"
Day 3_A8-4-L.png,"[ 0.04807368, -4.0017767 ,  2.5692954 , -4.7285047 , -1.3373326 ,
  0.19240546,  1.6758597 ,  0.31648695,  3.078809  ,  0.8818104 ,
 -2.169939  , -1.3920625 ,  2.7925081 , -0.12229788,  3.735913  ,
  0.30097154]"
Day 4_Y8-2-L.png,"[ 1.14311   , -5.5595293 ,  2.7258167 , -3.2657294 , -5.7666926 ,
 -1.0870837 ,  1.9204392 ,  0.29274502,  6.171971  ,  4.152201  ,
 -5.081191  , -2.7963061 ,  5.043353  , -0.05605274,  5.146772  ,
 -0.879334  ]"
Day 10_A8-4-L.png,"[-0.74467385,  2.6304646 , -0.99174094,  1.8878574 ,  2.1163692 ,
  0.22766365, -0.7800109 , -0.0430396 , -2.527227  , -1.6724535 ,
  2.0739841 ,  0.8320257 , -1.9205446 , -0.06388494, -2.1250973 ,
  0.42027462]"
Day 6_Y8-3-L.png,"[-0.7878453 ,  0.6833887 ,  0.41263282, -0.03123705,  0.39772666,
 -0.04889011,  0.00694186,  0.5170122 , -0.46669865, -0.57479244,
  0.68830335, -0.24755356,  0.03375788, -0.03007725, -0.13314965,
  0.556477  ]"
Day 12_A8-5-L.png,"[-0.04709192,  3.1088731 , -1.9639539 ,  2.978579  ,  2.113638  ,
  0.1454602 , -1.1577327 , -0.55720055, -2.8115864 , -1.2380021 ,
  2.0064585 ,  1.4405627 , -2.6773782 , -0.04866422, -2.8807273 ,
  0.02137583]"
Day 15_Y8-3-L.png,"[ 2.1206539 ,  2.5684133 , -3.591888  ,  4.298412  ,  0.69236153,
 -0.07827863, -1.8329847 , -2.0319335 , -1.9673015 ,  0.5079602 ,
  1.0063615 ,  2.326639  , -3.15356   ,  0.35357606, -3.351563  ,
 -1.3715901 ]"
Day 1_A8-5-L.png,"[ 2.107594  , -4.822927  ,  1.7368741 , -1.8176801 , -5.9329743 ,
 -1.2086406 ,  1.5402758 , -0.36727175,  6.379328  ,  5.2669473 ,
 -5.309821  , -2.3471413 ,  4.1711936 , -0.25519335,  3.9915316 ,
 -1.2695817 ]"
Day 13_Y8-1-R.png,"[ 1.9838442 ,  2.5893373 , -3.5588138 ,  4.2449083 ,  0.7013297 ,
 -0.01317909, -1.7604537 , -2.0500681 , -1.8770593 ,  0.44199178,
  1.0754805 ,  2.246058  , -3.258226  ,  0.31190574, -3.3202226 ,
 -1.6259615 ]"
Day 0_Y8-1-R.png,"[ 0.80489475, -3.3389692 ,  1.9117949 , -1.8018417 , -3.7341475 ,
 -0.7288998 ,  1.3834243 ,  0.2251233 ,  4.333338  ,  3.3457325 ,
 -3.5811071 , -2.1106079 ,  3.367553  , -0.4099149 ,  2.8306305 ,
 -0.57994354]"
Day 9_A8-3-L.png,"[-0.7254644 ,  2.9419067 , -1.2261627 ,  2.1582367 ,  2.263105  ,
  0.21046081, -0.90789825, -0.04573402, -2.8253422 , -1.8119974 ,
  2.2229645 ,  0.96597147, -2.129872  , -0.0821877 , -2.4447176 ,
  0.54169595]"
Day 5_A8-4-R.png,"[-1.3595798 , -1.346484  ,  1.6139795 , -3.3599415 ,  1.3925021 ,
  0.69060373,  0.7922641 ,  0.8316451 , -0.09949186, -1.6612452 ,
  0.65369385, -0.4428257 ,  0.65484923, -0.0573845 ,  1.6804292 ,
  0.89541256]"
Day 11_Y8-2-R.png,"[ 1.9988154 ,  3.0044696 , -3.8199499 ,  4.5955186 ,  0.99125457,
 -0.01697356, -1.9123397 , -2.1227794 , -2.4921072 ,  0.17275512,
  1.3990145 ,  2.5597327 , -3.5406241 ,  0.30973047, -3.716863  ,
 -1.2552928 ]"
Day 2_Y8-2-R.png,"[-0.76904976, -3.1317413 ,  1.9676453 , -5.209008  ,  0.5516466 ,
  0.773773  ,  1.1220865 ,  0.77068967,  0.65783674, -1.3664025 ,
 -0.18896253, -0.52304333,  1.4674773 ,  0.17254445,  2.9250004 ,
  1.0230312 ]"
Day 9_Y8-2-L.png,"[-0.8190158 ,  2.349099  , -0.79171896,  1.5772144 ,  1.8244998 ,
  0.17358361, -0.72061557,  0.24826457, -2.395412  , -1.5987555 ,
  1.9647188 ,  0.7226066 , -1.5309539 ,  0.03750486, -1.7639811 ,
  0.4924325 ]"
Day 11_A8-3-R.png,"[-1.0178745 ,  2.3467815 , -0.53231305,  1.3070779 ,  1.9566692 ,
  0.22056143, -0.63378954,  0.3991342 , -2.4285128 , -1.7259667 ,
  2.0029645 ,  0.57375014, -1.4093654 , -0.03595894, -1.6784371 ,
  0.6053587 ]"
Day 2_A8-3-R.png,"[-0.17637305, -2.2535253 ,  1.3862301 , -3.0105226 , -0.14369114,
  0.39244834,  1.0247982 ,  0.39599282,  1.2848345 ,  0.08052325,
 -0.80866766, -0.75204194,  1.3067034 , -0.15439746,  1.8578464 ,
  0.3738377 ]"
Day 5_Y8-1-R.png,"[-0.9161993 , -1.2957249 ,  0.87457716, -3.0800343 ,  2.3031988 ,
  0.9619993 ,  0.3149222 ,  0.48605153, -0.74980676, -1.873161  ,
  1.0656781 ,  0.39897054, -0.03292251,  0.23866153,  1.0963033 ,
  0.34920684]"
Day 13_A8-4-R.png,"[-0.18584217,  2.5281653 , -1.532711  ,  2.2628691 ,  1.5581464 ,
  0.16194497, -1.060943  , -0.30441645, -2.4001496 , -1.2712082 ,
  1.929108  ,  1.1105059 , -2.0783927 ,  0.13517582, -2.2423277 ,
 -0.12667185]"
Day 7_Y8-2-R.png,"[-0.6715857 ,  2.9153962 , -1.2001891 ,  2.2384818 ,  2.366667  ,
  0.2524417 , -0.7923853 , -0.2014765 , -2.617141  , -1.5982529 ,
  2.060493  ,  0.89067364, -2.2222145 , -0.17152865, -2.471086  ,
  0.5007675 ]"
Day 0_A8-4-R.png,"[-0.6587392 , -1.3861877 ,  1.4843919 , -1.2177293 , -1.3245193 ,
 -0.23274526,  0.7037225 ,  0.94641185,  1.792666  ,  0.93238443,
 -1.1832086 , -1.3435309 ,  1.9535918 , -0.20216694,  1.6269938 ,
 -0.05144669]"
Day 14_Y8-2-R.png,"[ 0.93290627,  2.5132434 , -2.9182665 ,  3.494327  ,  0.9648739 ,
  0.06542621, -1.4136869 , -1.35448   , -1.590118  , -0.03204532,
  1.1567447 ,  1.5892962 , -2.8506813 ,  0.17861715, -2.731887  ,
 -1.0594326 ]"
Day 10_Y8-3-L.png,"[ 1.4795415 ,  3.264924  , -3.5742033 ,  4.440505  ,  1.4152381 ,
  0.05094467, -1.7987068 , -1.753178  , -2.7343833 , -0.26827922,
  1.673409  ,  2.3555858 , -3.6235957 ,  0.20985223, -3.7796373 ,
 -1.0189583 ]"
Day 4_A8-5-L.png,"[-1.4089121 ,  1.751903  ,  0.15613608,  0.40038925,  1.7246567 ,
  0.20095761, -0.26808602,  0.51450443, -2.008225  , -1.7889311 ,
  1.76821   ,  0.17751355, -0.84484595, -0.10652776, -0.97172344,
  1.0185997 ]"
Day 3_Y8-3-L.png,"[-1.4935458 , -0.51468927,  1.1051228 , -2.3085432 ,  1.1745273 ,
  0.4440628 ,  0.4257179 ,  0.7364982 , -0.20452122, -1.6392618 ,
  0.88712215, -0.40151736,  0.40973485,  0.02284337,  1.2907698 ,
  0.71520394]"
Day 8_Y8-3-R.png,"[-0.4000817 ,  2.7801507 , -1.3504258 ,  2.4731658 ,  2.1375554 ,
  0.20406443, -0.915478  , -0.5192693 , -2.4073222 , -1.352419  ,
  1.9512811 ,  0.9299414 , -2.2270887 , -0.15867223, -2.4882545 ,
  0.1887159 ]"
Day 7_A8-3-R.png,"[-1.3822521 ,  2.1667597 , -0.20462178,  0.77160704,  2.0289733 ,
  0.2434917 , -0.46144342,  0.70865023, -2.3420374 , -2.0214121 ,
  2.1022701 ,  0.34988663, -1.1475214 , -0.0298568 , -1.3409731 ,
  0.88900954]"
Day 14_A8-3-R.png,"[ 0.01308101,  3.2130558 , -2.1561263 ,  3.0359967 ,  2.0651565 ,
  0.15663743, -1.2642255 , -0.64600927, -2.9835572 , -1.3998865 ,
  2.1888256 ,  1.5118302 , -2.8350327 ,  0.02812574, -3.040542  ,
  0.06055449]"
Day 9_A8-5-L.png,"[-0.592304  ,  2.6521516 , -1.0544337 ,  2.1001709 ,  2.0790737 ,
  0.19705012, -0.76619285, -0.30034977, -2.416284  , -1.4110987 ,
  1.9484036 ,  0.8129361 , -1.9490646 , -0.15016316, -2.2550132 ,
  0.39362037]"
Day 1_A8-3-L.png,"[-0.8349741 , -0.80978006,  1.488307  , -1.2815293 , -0.79832745,
 -0.17619154,  0.65873116,  0.9343802 ,  1.2701514 ,  0.3919644 ,
 -0.54539055, -1.1711946 ,  1.482701  , -0.11110255,  1.3707397 ,
  0.31011027]"
Day 12_A8-3-L.png,"[-0.90572906,  2.8146703 , -0.90696144,  1.9872031 ,  2.3129928 ,
  0.23799028, -0.76061696,  0.08192446, -2.6548991 , -1.7203163 ,
  2.1747968 ,  0.7654607 , -1.9139695 , -0.11626644, -2.2143474 ,
  0.48295105]"
Day 8_Y8-1-R.png,"[-0.13175131,  3.0658195 , -1.7283202 ,  3.0038483 ,  2.284505  ,
  0.21578503, -1.0828514 , -0.8465499 , -2.5931869 , -1.2287284 ,
  2.0272107 ,  1.1866215 , -2.6398492 , -0.15616766, -2.8570251 ,
 -0.03410404]"
Day 3_Y8-1-L.png,"[ 0.77348435, -3.7292707 ,  2.0014288 , -3.4180572 , -2.2986927 ,
 -0.18602742,  1.57981   ,  0.13722783,  3.700913  ,  1.9598264 ,
 -2.9505143 , -1.5613039 ,  2.7495263 , -0.2241829 ,  3.2751815 ,
 -0.14035748]"
Day 10_Y8-1-L.png,"[-0.07298012,  2.7250614 , -1.8288511 ,  2.645627  ,  2.1693811 ,
  0.30350804, -1.043155  , -0.7138963 , -2.338098  , -1.1608318 ,
  1.831676  ,  1.335111  , -2.5685318 , -0.07720172, -2.5874438 ,
 -0.29753718]"
Day 1_Y8-2-L.png,"[ 0.9538555 , -2.3208263 ,  0.41209814, -0.5237896 , -3.0808544 ,
 -0.60715604,  0.5231167 , -0.39867374,  3.0443406 ,  2.2372782 ,
 -2.4458153 , -0.95841914,  1.7561817 ,  0.10861892,  2.0146368 ,
 -1.0117717 ]"
Day 15_A8-4-L.png,"[ 1.065698  ,  2.9165454 , -2.9139578 ,  3.7477906 ,  1.3765347 ,
  0.16022713, -1.6106886 , -1.5291216 , -2.3262403 , -0.38486055,
  1.6442412 ,  1.9290844 , -3.0949712 ,  0.19840074, -3.1627443 ,
 -1.152116  ]"
Day 12_Y8-2-L.png,"[ 9.4592917e-01,  2.3865685e+00, -2.5467887e+00,  3.4601083e+00,
  1.0023429e+00, -3.0637737e-03, -1.2414447e+00, -1.3477257e+00,
 -1.6856657e+00, -1.4017828e-01,  1.0452874e+00,  1.5428941e+00,
 -2.6796479e+00,  1.8969646e-01, -2.6072543e+00, -5.9205204e-01]"
Day 6_A8-4-L.png,"[-1.1951299 , -0.7544277 ,  1.6107801 , -1.9261923 ,  0.25623122,
  0.16479804,  0.6293292 ,  0.9871289 ,  0.48030058, -0.71266955,
  0.17348151, -0.8661584 ,  1.0837727 , -0.07753162,  1.4342656 ,
  0.6725646 ]"
Day 2_A8-5-R.png,"[-1.4015452 , -0.9509542 ,  1.2885032 , -2.7165875 ,  1.3536016 ,
  0.6599012 ,  0.63477874,  0.91774035, -0.26080096, -1.6129066 ,
  0.7242936 , -0.42868087,  0.5089792 , -0.08973236,  1.2501423 ,
  0.8884053 ]"
Day 11_A8-5-R.png,"[ 0.13319325,  3.358856  , -2.2196722 ,  3.3296063 ,  2.1907327 ,
  0.13671343, -1.2700379 , -0.8178176 , -2.9984322 , -1.3083384 ,
  2.0926151 ,  1.5970339 , -2.9092352 , -0.06283498, -3.2525291 ,
  0.02273015]"
Day 5_Y8-3-R.png,"[-1.876     , -0.5606712 ,  1.3490769 , -3.0531228 ,  2.2207308 ,
  0.83505493,  0.5170827 ,  1.1164558 , -1.0397536 , -2.5427654 ,
  1.4913431 , -0.12878668,  0.20847718, -0.00406847,  1.2065135 ,
  1.167049  ]"
Day 2_A8-1-L.png,"[-1.2947625 , -1.8428427 ,  1.6970857 , -4.1332984 ,  1.7295582 ,
  0.8915395 ,  0.8441398 ,  0.9059079 , -0.2808601 , -2.1114445 ,
  0.69817597, -0.31125394,  0.75531614,  0.01470572,  1.8829159 ,
  1.0607245 ]"
Day 11_A8-1-L.png,"[-0.44695115,  1.1094459 , -0.4885642 ,  0.4332171 ,  1.6720598 ,
  0.39923146, -0.3407088 , -0.03299101, -1.2231208 , -1.1834166 ,
  1.0819006 ,  0.5381419 , -1.0640532 , -0.09324783, -0.8562319 ,
  0.01762448]"
Day 12_Y8-4-R.png,"[ 0.5951328 ,  2.5963554 , -2.3091505 ,  3.1103742 ,  1.4631647 ,
  0.11143771, -1.2547425 , -0.9892415 , -2.1649938 , -0.6560224 ,
  1.5247458 ,  1.6295075 , -2.7200081 ,  0.13071646, -2.7062435 ,
 -0.46194988]"
Day 1_Y8-4-R.png,"[-0.22975446,  1.3314389 , -0.75786036,  1.079093  ,  1.4780626 ,
  0.3127865 , -0.47198787, -0.2470435 , -1.2020519 , -0.87876713,
  1.0570457 ,  0.61602294, -1.3453231 , -0.10556394, -1.2175113 ,
 -0.13511744]"
Day 4_Y8-4-R.png,"[-1.6999755 ,  0.64676154,  0.9667583 , -0.6630433 ,  1.1511651 ,
  0.2323005 ,  0.12665689,  1.1039008 , -0.84014356, -1.4273143 ,
  1.1083065 , -0.46653092,  0.22335656, -0.04983351,  0.33668032,
  0.63997537]"
Day 14_A8-1-L.png,"[-0.7413346 ,  1.1108383 , -0.14105476,  0.39098063,  1.1808966 ,
  0.18800624, -0.19483495,  0.27886438, -0.9986078 , -1.0180596 ,
  1.0153755 ,  0.17526273, -0.7913688 , -0.08877012, -0.7000193 ,
  0.3451399 ]"
Day 7_A8-1-L.png,"[-1.6999342 ,  1.401227  ,  0.56399536, -0.23855312,  1.7723155 ,
  0.30147895, -0.07978854,  1.1278216 , -1.7654328 , -2.0314567 ,
  1.7644228 , -0.08240991, -0.41685957, -0.05290905, -0.4956456 ,
  1.0544966 ]"
Day 9_Y8-4-R.png,"[-0.26350385,  2.7024953 , -1.6130682 ,  2.3877847 ,  2.129131  ,
  0.22583929, -0.9818416 , -0.36530963, -2.4800992 , -1.4255868 ,
  1.8980306 ,  1.159206  , -2.2941606 , -0.03186555, -2.4514532 ,
  0.09233554]"
Day 13_A8-1-L.png,"[-0.14399515,  1.755083  , -1.0334442 ,  1.6658854 ,  1.3791264 ,
  0.21494347, -0.6513946 , -0.37463844, -1.4313728 , -0.7480706 ,
  1.207269  ,  0.7574603 , -1.6025783 , -0.07382701, -1.6194842 ,
 -0.20032075]"
Day 0_A8-1-L.png,"[-0.756432  , -0.9242335 ,  1.2302036 , -1.4995404 , -0.33369184,
  0.03818265,  0.68137056,  0.6110853 ,  1.1496001 ,  0.09730976,
 -0.49332196, -0.96839464,  1.2202688 , -0.20655063,  1.3000664 ,
  0.31514052]"
Day 3_Y8-4-R.png,"[-0.2847673 , -0.63936585,  0.577086  , -1.0531876 , -0.04299292,
  0.11751203,  0.3720277 ,  0.26665917,  0.7524844 ,  0.02382496,
 -0.3294204 , -0.47657278,  0.42024258, -0.13508284,  0.783265  ,
  0.02685658]"
Day 10_Y8-4-R.png,"[ 0.02437259,  2.4766629 , -1.6829349 ,  2.4133632 ,  1.9339498 ,
  0.25909594, -0.98627114, -0.56868017, -2.165525  , -1.039099  ,
  1.6163565 ,  1.1772239 , -2.3108008 , -0.06511627, -2.4141648 ,
 -0.21056773]"
Day 15_Y8-4-R.png,"[ 1.3380475 ,  2.491491  , -2.9065287 ,  3.4555905 ,  1.0898008 ,
  0.10088448, -1.5349057 , -1.4462005 , -1.9607474 , -0.11672454,
  1.2625345 ,  1.8923906 , -2.87298   ,  0.26526862, -2.8836467 ,
 -1.1831471 ]"
Day 6_Y8-4-R.png,"[-1.4544436 ,  1.4735357 ,  0.20510979,  0.22790062,  1.485951  ,
  0.23905256, -0.24160624,  0.86346763, -1.6690655 , -1.7111264 ,
  1.6722058 ,  0.02049671, -0.5363684 ,  0.02227135, -0.6364303 ,
  0.82779384]"
Day 8_A8-1-L.png,"[-1.3133421 ,  0.89907   ,  0.6510909 , -0.26924923,  1.1458327 ,
  0.19489105,  0.0983648 ,  0.72121173, -0.77593213, -1.1721251 ,
  0.99772495, -0.3422591 , -0.09871206, -0.13493685, -0.14389865,
  0.6661117 ]"
Day 5_A8-1-L.png,"[-0.6984465 , -0.5713522 ,  0.39913306, -2.394764  ,  2.297088  ,
  0.8618196 ,  0.07830246,  0.3511612 , -1.2001861 , -1.9920703 ,
  1.2195579 ,  0.50534153, -0.5000985 ,  0.11840223,  0.40988472,
  0.3394854 ]"
Day 5_Y8-4-R.png,"[-0.21620102,  0.2368035 , -0.4344641 , -0.5539452 ,  2.0725982 ,
  0.6793836 , -0.20369422, -0.12575354, -1.0848391 , -1.2710359 ,
  1.0700761 ,  0.7721935 , -1.0936637 ,  0.03228934, -0.61859536,
 -0.14158688]"
Day 15_A8-1-L.png,"[ 0.31525525,  2.1346493 , -1.8573271 ,  2.343561  ,  1.5201738 ,
  0.27087194, -1.0619884 , -0.8319688 , -1.7985517 , -0.7610163 ,
  1.4340391 ,  1.3111992 , -2.2990723 ,  0.07607239, -2.0674856 ,
 -0.659309  ]"
Day 6_A8-1-L.png,"[-0.79118013, -0.9013732 ,  1.2942829 , -1.5447376 , -0.3227397 ,
  0.03183534,  0.7050655 ,  0.63969356,  1.1591783 ,  0.05610465,
 -0.5119935 , -0.9959956 ,  1.2576765 , -0.20614842,  1.3643447 ,
  0.3154626 ]"
Day 8_Y8-4-R.png,"[-0.2891028 ,  2.1505911 , -1.1719834 ,  1.916995  ,  1.8850484 ,
  0.2755359 , -0.744897  , -0.33113974, -1.8394399 , -1.0974714 ,
  1.5339988 ,  0.8399089 , -1.8697792 , -0.08843973, -1.9379994 ,
 -0.1669468 ]"
Day 3_A8-1-L.png,"[-0.8840353 , -1.4294486 ,  1.1640527 , -3.2323349 ,  1.4237549 ,
  0.7549965 ,  0.5802772 ,  0.55913323, -0.2434544 , -1.5745695 ,
  0.47125438, -0.16099694,  0.40727657, -0.00546775,  1.4228337 ,
  0.6782142 ]"
Day 10_A8-1-L.png,"[-1.3112059 ,  2.0393112 , -0.16258845,  0.7138704 ,  2.0347805 ,
  0.24929783, -0.39674416,  0.60475653, -2.3381052 , -1.8764082 ,
  1.8989079 ,  0.4048079 , -1.1004654 , -0.10170008, -1.346036  ,
  0.9370527 ]"
Day 13_Y8-4-R.png,"[ 1.7016197 ,  2.5136442 , -3.2471924 ,  3.88003   ,  0.94699544,
  0.03252213, -1.668593  , -1.7333068 , -1.9545852 ,  0.13363826,
  1.190323  ,  2.1273127 , -3.0630403 ,  0.30571204, -3.1513522 ,
 -1.2287345 ]"
Day 0_Y8-4-R.png,"[ 1.5811267 , -2.453151  ,  0.51625437, -0.3374826 , -3.1848414 ,
 -0.56611437,  0.7385611 , -0.5220068 ,  3.578491  ,  3.1142392 ,
 -3.1357257 , -1.1287614 ,  1.9926034 , -0.30882156,  1.6870853 ,
 -1.1061131 ]"
Day 14_Y8-4-R.png,"[ 0.27118245,  2.5842001 , -2.213205  ,  2.7878532 ,  1.5997056 ,
  0.18307099, -1.1984408 , -0.76458144, -2.3082273 , -0.94002074,
  1.7139549 ,  1.4320211 , -2.5682542 ,  0.11060698, -2.601338  ,
 -0.34467036]"
Day 7_Y8-4-R.png,"[-0.9297988 ,  2.1373003 , -0.5831988 ,  1.1991965 ,  1.9132613 ,
  0.22677214, -0.56582534,  0.34907112, -2.1881626 , -1.612638  ,
  1.8049495 ,  0.60122055, -1.3794935 , -0.04064617, -1.5765729 ,
  0.5805377 ]"
Day 9_A8-1-L.png,"[-0.46556062,  2.2448802 , -1.0907011 ,  1.8638748 ,  1.8870718 ,
  0.24475983, -0.7058685 , -0.35451406, -1.9275368 , -1.1738737 ,
  1.5746425 ,  0.72302383, -1.8345709 , -0.11964361, -1.9371161 ,
  0.04214101]"
Day 4_A8-1-L.png,"[-2.5919886 , -1.2020369 ,  2.7517304 , -3.2600992 ,  0.3772203 ,
  0.22331202,  0.9157156 ,  1.9883262 ,  0.14556335, -1.7076051 ,
  0.52748805, -1.4214824 ,  2.1513615 ,  0.10857996,  2.4942138 ,
  1.1746399 ]"
Day 12_A8-1-L.png,"[-0.53423107,  1.1676446 , -0.5028884 ,  0.66167074,  1.4129653 ,
  0.28969234, -0.3621754 ,  0.13484845, -1.175398  , -0.92709434,
  1.0415599 ,  0.34130302, -1.0441018 , -0.08863628, -0.96637416,
  0.10016111]"
Day 1_A8-1-L.png,"[-0.7203058 , -2.0212371 ,  1.8956035 , -2.0584977 , -1.5194614 ,
 -0.23492706,  0.9049048 ,  0.9214483 ,  2.002593  ,  0.7054258 ,
 -1.3107976 , -1.4219308 ,  2.2651386 , -0.05023905,  2.3458688 ,
  0.13662633]"
Day 2_Y8-4-R.png,"[-0.12423696, -1.2750416 ,  0.86798036, -1.420905  , -0.48459327,
  0.09063916,  0.63804454,  0.17866263,  1.34648   ,  0.42532903,
 -0.8981086 , -0.72240573,  0.8142181 , -0.21801296,  1.2002559 ,
 -0.07280119]"
Day 11_Y8-4-R.png,"[ 0.6960449 ,  2.4453497 , -2.2921345 ,  2.983239  ,  1.3656694 ,
  0.08843392, -1.2420868 , -1.0527941 , -2.106887  , -0.59777474,
  1.414296  ,  1.705482  , -2.5635617 ,  0.14358701, -2.614583  ,
 -0.46586365]"
Day 14_Y8-4-L.png,"[ 0.7079871 ,  2.5660615 , -2.5909338 ,  3.13767   ,  1.4054887 ,
  0.16491748, -1.3819969 , -1.0849633 , -2.2666922 , -0.63682586,
  1.591558  ,  1.7128427 , -2.7831204 ,  0.17156804, -2.8564515 ,
 -0.65484273]"
Day 7_Y8-4-L.png,"[-0.6794909 ,  1.6544013 , -0.5531133 ,  0.8919486 ,  1.8540996 ,
  0.31624568, -0.49882293,  0.1345269 , -1.731958  , -1.4159484 ,
  1.4380494 ,  0.5634836 , -1.3678248 , -0.06000508, -1.3284699 ,
  0.30221844]"
Day 9_A8-1-R.png,"[-0.5314775 , -0.3315034 ,  0.62004614, -0.75192916,  0.24809013,
  0.16302642,  0.30808353,  0.24866764,  0.47138414, -0.18601815,
 -0.05590404, -0.40929496,  0.3623506 , -0.17429495,  0.5611216 ,
  0.0901219 ]"
Day 4_A8-1-R.png,"[-2.4005387 , -1.2054635 ,  2.661868  , -3.0574272 ,  0.19593804,
  0.16158873,  0.8925537 ,  1.9961268 ,  0.33389902, -1.4795793 ,
  0.40609702, -1.5201528 ,  2.217725  ,  0.08257373,  2.4605622 ,
  1.1713866 ]"
Day 12_A8-1-R.png,"[-1.1654898 ,  1.4404167 , -0.01971412,  0.4156097 ,  1.6073215 ,
  0.27353826, -0.28376523,  0.628452  , -1.5882936 , -1.508933  ,
  1.5125455 ,  0.18549956, -0.76816547, -0.03319568, -0.81362426,
  0.55465716]"
Day 1_A8-1-R.png,"[-1.0587491 ,  1.5473042 , -0.1724208 ,  0.5923064 ,  1.5937116 ,
  0.2705688 , -0.3657412 ,  0.3732367 , -1.6065753 , -1.4436018 ,
  1.501137  ,  0.31239724, -0.9520716 , -0.04338014, -0.93918234,
  0.40713164]"
Day 2_Y8-4-L.png,"[ 0.1381129 , -1.3801339 ,  0.8493975 , -1.3926437 , -0.54841846,
  0.06085899,  0.7145968 ,  0.06308342,  1.5571327 ,  0.7247427 ,
 -1.0941046 , -0.6947581 ,  0.8821111 , -0.19944754,  1.2020115 ,
 -0.11894499]"
Day 11_Y8-4-L.png,"[ 1.055733  ,  2.7922428 , -2.8657258 ,  3.6239276 ,  1.5204353 ,
  0.12227593, -1.479278  , -1.3440018 , -2.4745915 , -0.4914372 ,
  1.5546752 ,  1.999718  , -3.0393393 ,  0.14705731, -3.173289  ,
 -0.6984025 ]"
Day 5_Y8-4-L.png,"[-1.0123203 , -0.09911833,  0.4824143 , -1.7875094 ,  2.0985367 ,
  0.7429246 ,  0.19961658,  0.5546392 , -1.0458564 , -1.7843117 ,
  1.1747693 ,  0.17153394, -0.34299546, -0.0308864 ,  0.20908967,
  0.53611904]"
Day 15_A8-1-R.png,"[ 0.35619345,  2.3649645 , -1.9478786 ,  2.5887802 ,  1.4956949 ,
  0.20663503, -1.1319205 , -0.80906934, -2.0254703 , -0.7801223 ,
  1.5916541 ,  1.3598901 , -2.3866363 ,  0.10008511, -2.307005  ,
 -0.5808461 ]"
Day 6_A8-1-R.png,"[-0.7571141 , -0.6663389 ,  0.7615756 , -1.778864  ,  1.044308  ,
  0.5026933 ,  0.36717632,  0.3207386 , -0.03621066, -1.0648242 ,
  0.35171092, -0.24143699,  0.15152055, -0.06190345,  0.86950225,
  0.33149174]"
Day 8_Y8-4-L.png,"[-1.1425875 ,  2.0584934 , -0.33019808,  0.99320066,  1.8778847 ,
  0.23822397, -0.48519394,  0.40696833, -2.146545  , -1.6990136 ,
  1.807562  ,  0.43667385, -1.2320973 , -0.06224631, -1.3885431 ,
  0.63588357]"
Day 3_A8-1-R.png,"[ 1.2511466 , -3.7031271 ,  1.6584096 , -2.4536514 , -3.1937118 ,
 -0.4129447 ,  1.391848  , -0.21788533,  4.083641  ,  2.8308744 ,
 -3.503866  , -1.6469408 ,  2.6602747 , -0.32226348,  3.0062962 ,
 -0.5480198 ]"
Day 10_A8-1-R.png,"[-1.8070738 ,  1.3918067 ,  0.7107874 , -0.2538868 ,  1.6295193 ,
  0.25268853, -0.01481478,  1.1653569 , -1.6352537 , -1.8954844 ,
  1.6463536 , -0.27542028, -0.24764559, -0.06621328, -0.35635355,
  1.1031939 ]"
Day 13_Y8-4-L.png,"[ 1.9238944 ,  2.5368366 , -3.438002  ,  4.094127  ,  0.940916  ,
 -0.02332771, -1.7477987 , -1.9631075 , -1.9477394 ,  0.372673  ,
  1.082405  ,  2.2679458 , -3.0600495 ,  0.3574599 , -3.2931368 ,
 -1.3152173 ]"
Day 0_Y8-4-L.png,"[ 0.481538  , -1.5366726 ,  0.86177236, -0.6182018 , -1.8069654 ,
 -0.3699359 ,  0.7387055 ,  0.16042121,  2.4584436 ,  1.8126435 ,
 -1.9511949 , -1.131311  ,  1.6088221 , -0.30207485,  1.3009465 ,
 -0.3180992 ]"
Day 13_A8-1-R.png,"[-0.82449657,  1.2580515 , -0.07962266,  0.5122764 ,  1.4655619 ,
  0.23125361, -0.22424892,  0.23897402, -1.2745638 , -1.1248273 ,
  1.1124048 ,  0.15304026, -0.82976425, -0.13476975, -0.87808836,
  0.5160455 ]"
Day 0_A8-1-R.png,"[-2.2719278 , -0.3162464 ,  2.1584713 , -2.119002  ,  0.52390796,
  0.14943291,  0.7699324 ,  1.9279579 , -0.01892818, -1.3292294 ,
  0.6507238 , -1.3336136 ,  1.5727844 , -0.04860877,  1.4769329 ,
  1.3720738 ]"
Day 3_Y8-4-L.png,"[-0.40211317, -0.5244242 ,  0.27321663, -1.6868674 ,  1.4721463 ,
  0.6152812 ,  0.20270938,  0.26596215, -0.4248229 , -1.117863  ,
  0.54797024,  0.14827758, -0.250445  , -0.01555047,  0.40024137,
  0.24836008]"
Day 10_Y8-4-L.png,"[ 0.33779088,  2.6601167 , -2.0894067 ,  2.9387734 ,  1.9560353 ,
  0.2620937 , -1.1514945 , -0.9586666 , -2.1902623 , -0.8396783 ,
  1.6446726 ,  1.4712757 , -2.6958761 , -0.03431328, -2.7009976 ,
 -0.5288595 ]"
Day 15_Y8-4-L.png,"[ 1.6996194 ,  2.4228    , -3.2727706 ,  3.9703963 ,  1.0319427 ,
  0.12675937, -1.6016983 , -1.7869383 , -1.7032834 ,  0.33720475,
  1.033451  ,  2.0232034 , -3.2735364 ,  0.21271461, -3.0264435 ,
 -1.7007576 ]"
Day 6_Y8-4-L.png,"[-1.523448  ,  1.2200052 ,  0.44584948, -0.07629132,  1.472239  ,
  0.23243277, -0.09577084,  0.9918986 , -1.5217957 , -1.6925541 ,
  1.4611871 , -0.11875885, -0.30580312, -0.03635619, -0.40293998,
  0.9089733 ]"
Day 8_A8-1-R.png,"[-1.8001523 ,  1.1980839 ,  0.8046233 , -0.4213744 ,  1.5201432 ,
  0.24133988,  0.0497023 ,  1.2091331 , -1.5139765 , -1.8250314 ,
  1.5544672 , -0.34830192, -0.09857555, -0.04718707, -0.20699142,
  1.1037192 ]"
Day 5_A8-1-R.png,"[-1.0915629 , -2.0826838 ,  1.7092465 , -4.6227736 ,  2.1847496 ,
  1.0346625 ,  0.7230533 ,  0.83038306, -0.5871354 , -2.4002757 ,
  0.8330312 , -0.07108591,  0.5659015 ,  0.15399535,  1.9147267 ,
  0.97463363]"
Day 2_A8-1-R.png,"[-1.4542719 , -2.412962  ,  2.1903207 , -5.1567483 ,  1.9759203 ,
  1.0513874 ,  1.0121909 ,  1.1159381 , -0.3478745 , -2.4808576 ,
  0.8009352 , -0.4266357 ,  1.0150431 ,  0.08710161,  2.3723814 ,
  1.1957997 ]"
Day 11_A8-1-R.png,"[-1.0089964 ,  1.9631603 , -0.3758064 ,  1.1225771 ,  1.8813875 ,
  0.25384465, -0.47057012,  0.1566027 , -1.7679284 , -1.4148804 ,
  1.6175634 ,  0.32694   , -1.282969  , -0.14979222, -1.3824382 ,
  0.39055002]"
Day 12_Y8-4-L.png,"[ 0.7608841 ,  2.4550421 , -2.51775   ,  3.0643563 ,  1.3136116 ,
  0.15261957, -1.3215383 , -1.0786165 , -2.221373  , -0.5867308 ,
  1.5176436 ,  1.6971867 , -2.6965022 ,  0.17143081, -2.809914  ,
 -0.6752829 ]"
Day 1_Y8-4-L.png,"[-0.21188807,  2.4236827 , -1.4754169 ,  2.1413121 ,  1.679156  ,
  0.18617177, -0.90471137, -0.34882304, -2.2192042 , -1.1919398 ,
  1.7187676 ,  1.0784158 , -2.038961  ,  0.00900958, -2.1715896 ,
  0.08589958]"
Day 4_Y8-4-L.png,"[-1.2399167 , -0.60451806,  1.4417789 , -1.2209882 , -0.23920782,
 -0.04677711,  0.5736526 ,  1.1256176 ,  0.72922295, -0.14236657,
 -0.26733878, -1.0993755 ,  1.384975  , -0.120525  ,  1.162201  ,
  0.53888166]"
Day 14_A8-1-R.png,"[-0.09247939,  1.3371556 , -1.0869868 ,  1.0610508 ,  1.7625071 ,
  0.41645935, -0.58865345, -0.3582309 , -1.4089292 , -0.9450089 ,
  1.2334702 ,  0.91027445, -1.654119  , -0.03824363, -1.4259789 ,
 -0.27643353]"
Day 7_A8-1-R.png,"[-2.657692  ,  0.13983281,  2.108206  , -2.1771543 ,  1.0816636 ,
  0.29481128,  0.6065986 ,  2.1942015 , -0.9638741 , -2.166072  ,
  1.4141434 , -1.2106477 ,  1.3207033 ,  0.01118294,  1.3631262 ,
  1.5742257 ]"
Day 9_Y8-4-L.png,"[-0.44236732,  2.6742454 , -1.4413505 ,  2.23686   ,  2.1174428 ,
  0.22454232, -0.92510545, -0.26198378, -2.5252166 , -1.5138696 ,
  1.8938286 ,  1.1075276 , -2.194842  , -0.04780434, -2.372194  ,
  0.24793805]"
